metric,value
zcb_1y_price,0.974112571092
deposit_rate_2y_cc,0.0300330714989
swap_7y_price_4.42pct,-0.00847290310072
swap_9y_par_rate,0.048308517558
